{"accuracy": [0.5894736647605896, 0.6000000238418579, 0.6000000238418579, 0.6315789222717285, 0.7684210538864136, 0.7789473533630371, 0.821052610874176, 0.8315789699554443, 0.8315789699554443, 0.8421052694320679, 0.8526315689086914, 0.8421052694320679, 0.8421052694320679, 0.8631578683853149, 0.8315789699554443, 0.8631578683853149, 0.8526315689086914, 0.8842105269432068, 0.8526315689086914], "loss": [0.630204439163208, 0.6153490543365479, 0.6026166677474976, 0.5824465155601501, 0.5408396124839783, 0.515536367893219, 0.48979651927948, 0.47369739413261414, 0.46040377020835876, 0.43660968542099, 0.43519657850265503, 0.4156736731529236, 0.42112302780151367, 0.40613502264022827, 0.4040733277797699, 0.3955499827861786, 0.3750557601451874, 0.36106836795806885, 0.38352298736572266], "val_accuracy": [0.6666666865348816, 0.6666666865348816, 0.7083333134651184, 0.7083333134651184, 0.8333333134651184, 0.8333333134651184, 0.875, 0.875, 0.9166666865348816, 0.9166666865348816, 0.9166666865348816, 0.875, 0.8333333134651184, 0.9166666865348816, 0.875, 0.9166666865348816, 0.9166666865348816, 0.875, 0.9166666865348816], "val_loss": [0.5982452630996704, 0.5867061018943787, 0.57377690076828, 0.5441169142723083, 0.4856422245502472, 0.45719072222709656, 0.463460773229599, 0.42148396372795105, 0.39549899101257324, 0.3558340072631836, 0.3839160203933716, 0.33285924792289734, 0.41264429688453674, 0.31900885701179504, 0.39833903312683105, 0.32532280683517456, 0.3318725824356079, 0.33222639560699463, 0.3820561170578003]}